5;3;Male Test test test test test test test test;
5;3;Test 3lkjdsaflk sadlöfk jaölskf jaölkf jasölfk jasöflkjsadöflk j;
5;3;Test 3lkjdsaflk sadlöfk jaölskf jaölkf jasölfk jasöflkjsadöflk j;
3;3;This is the feedback from Hubert Bot;
Hubert;5;4;Some feedback from Hubert the bot;
Rashid;5;2;"Feedback from Rashid the bot
";
Rashid;5;4;Test 2aj fdsaölfkjdsaölkfmj asdölkfj dsaölkfj dsaölkfjasdölkfjdsaölkfj adsölkfjsdöalfkjdsölfjadsölfjdsaölfj asdlöfjasödlkfj;
Hubert;5;5;1 2 3 4 5 6 7 8 9 0;
Hubert;5;3;The chatbot is really cool. I like it.;Really cool
Hubert;5;2;Test 2 3 4 5. 6 7 7 8 ;
