Human Says:,ChatBot Says:
Wie spät ist es?,getTIME
Welche Uhrzeit haben wir?,getTIME
Kannst du mir die Uhrzeit nennen?,getTIME
Was sagt der Tacho?,getTIME
Weißt du wie spät es ist?,getTIME
Welchen Tag haben wir heute?,getDATE
Welcher Tag ist es?,getDATE
Hast du das Datum für mich?,getTIME
Datum,getTIME
IDKnull,Das weiß ich leider nicht.
IDKnull,Lass mich ein wenig darüber nachdenken!
IDKnull,Kannst du versuchen das etwas anders zu formulieren?
IDKnull,Da bin ich mir nicht sicher.
IDKnull,Kannst du die Frage vielleicht anders stellen?
IDKnull,Da hebe ich leider keine Antwort zu.
IDKnull,Ich werde darüber nachdenken.
"IDKnull,""Leider weiß ich wirklich nicht, was du mich da gerade fragst"""
IDKnull,Manche Dinge habe ich leider noch nicht gelernt!
IDKnull,Darin bin ich leider kein Experte.
Nothing,Das kann ich dir nicht sagen.
Nothing,Was genau meinst du?
Nothing,Ich glaube du hast dich vertippt.
Nothing,Was genau wolltest du fragen?
Nothing,Lass uns über etwas spechen.
Nothing,Kannst du es vielleicht noch einmal versuchen?
,
,
,
"Hallo,""Hallo. <br> Ich bin der FAQ-Bot. Ich werde alle Ihre Fragen zum Kurs Business Innovation 2 beantworten. <br> Stellen Sie mir einfach eine Frage und ich werde versuchen, Dir mit meinem Wissen zu helfen"""
Danke,Gern geschehen!
Danke,Immer wieder gerne!
"Danke,""Falls du noch Fragen hast, schieß los!"""
Danke,Gerne!
"Danke,""Freut mich, dass ich Dir helfen konnte!"""
Vielen Dank,Gern geschehen!
Vielen Dank,Immer wieder gerne!
"Vielen Dank,""Falls du noch Fragen hast, schieß los!"""
Vielen Dank,Gerne!
"Vielen Dank,""Freut mich, dass ich Dir helfen konnte!"""
Dankeschön,Gern geschehen!
Dankeschön,Immer wieder gerne!
"Dankeschön,""Falls du noch Fragen hast, schieß los!"""
Dankeschön,Gerne!
"Dankeschön,""Freut mich, dass ich Dir helfen konnte!"""
Super, Danke.,Gern geschehen!
Super, Danke.,Immer wieder gerne!
"Super, Danke.,""Falls du noch Fragen hast, schieß los!"""
Super, Danke.,Gerne!
"Super, Danke.,""Freut mich, dass ich Dir helfen konnte!"""
Danke für die Hilfe!,Gern geschehen!
Danke für die Hilfe!,Immer wieder gerne!
"Danke für die Hilfe!,""Falls du noch Fragen hast, schieß los!"""
Danke für die Hilfe!,Gerne!
"Danke für die Hilfe!,""Freut mich, dass ich Dir helfen konnte!"""
"Wie gehts dir?,""Ich bin ein Bot, so lange ich Strom habe, geht es mir gut!"""
"Wie geht's?,""Ich bin ein Bot, so lange ich Strom habe, geht es mir gut!"""
"Wie geht es dir?,""Ich bin ein Bot, so lange ich Strom habe, geht es mir gut!"""
"Wie fühlst du dich?,""Ich bin ein Bot, so lange ich Strom habe, geht es mir gut!"""
Bye,Auf Wiedersehen!
Bye,Tschüss!
Bye,Ciao!
Bye,Bis zum nächsten Mal!
Tschüss,Auf Wiedersehen!
Tschüss,Tschüss!
Tschüss,Ciao!
Tschüss,Bis zum nächsten Mal!
Ciao,Auf Wiedersehen!
Ciao,Tschüss!
Ciao,Ciao!
Ciao,Bis zum nächsten Mal!
Mach's gut,Auf Wiedersehen!
Mach's gut,Tschüss!
Mach's gut,Ciao!
Mach's gut,Bis zum nächsten Mal!
Auf Wiedersehen,Auf Wiedersehen!
Auf Wiedersehen,Tschüss!
Auf Wiedersehen,Ciao!
Auf Wiedersehen,Bis zum nächsten Mal!
Bis später,Auf Wiedersehen!
Bis später,Tschüss!
Bis später,Ciao!
Bis später,Bis zum nächsten Mal!
Bis zum nächsten Mal!,Auf Wiedersehen!
Bis zum nächsten Mal!,Tschüss!
Bis zum nächsten Mal!,Ciao!
Bis zum nächsten Mal!,Bis zum nächsten Mal!
Wann findet die Klausur der Veranstaltung Business Innovation 2 im HS19 statt?,Die Klausur findet laut des Prüfungsplans Winter 2020 am 20.01.20 um 16 Uhr statt. <br> Für die Bearbeitung ist eine Zeit von 60 Minuten vorgesehen.
Wann ist die Klausur?,Die Klausur findet laut des Prüfungsplans Winter 2020 am 20.01.20 um 16 Uhr statt. <br> Für die Bearbeitung ist eine Zeit von 60 Minuten vorgesehen.
Wie lange geht die Klausur?,Die Klausur findet laut des Prüfungsplans Winter 2020 am 20.01.20 um 16 Uhr statt. <br> Für die Bearbeitung ist eine Zeit von 60 Minuten vorgesehen.
Wann ist die Prüfung?,Die Klausur findet laut des Prüfungsplans Winter 2020 am 20.01.20 um 16 Uhr statt. <br> Für die Bearbeitung ist eine Zeit von 60 Minuten vorgesehen.
Wo ist die Klasusur?,Die Klausur findet laut des Prüfungsplans Winter 2020 am 20.01.20 um 16 Uhr statt. <br> Für die Bearbeitung ist eine Zeit von 60 Minuten vorgesehen.
"Ist die zentrale, schriftliche Klausur des Kurses Business Innovation 2 im HS19 wirklich eine Open Book Klausur?,""Die zentrale, schriftliche Klausur des Kurses Business Innovation 2 ist, wie es im Kursmerkblatt vermerkt ist, eine Open Book Klausur. Ein Ziel des Kurses ist es, Ihr Verständnis für die im Kurs behandelten Themen zu prüfen und nicht Ihre Auswendiglernfähigkeiten zu testen."""
"Ist die Klausur open book?,""Die zentrale, schriftliche Klausur des Kurses Business Innovation 2 ist, wie es im Kursmerkblatt vermerkt ist, eine Open Book Klausur. Ein Ziel des Kurses ist es, Ihr Verständnis für die im Kurs behandelten Themen zu prüfen und nicht Ihre Auswendiglernfähigkeiten zu testen."""
"Open book klausur?,""Die zentrale, schriftliche Klausur des Kurses Business Innovation 2 ist, wie es im Kursmerkblatt vermerkt ist, eine Open Book Klausur. Ein Ziel des Kurses ist es, Ihr Verständnis für die im Kurs behandelten Themen zu prüfen und nicht Ihre Auswendiglernfähigkeiten zu testen."""
"Ist es eine Open Book Klausur?,""Die zentrale, schriftliche Klausur des Kurses Business Innovation 2 ist, wie es im Kursmerkblatt vermerkt ist, eine Open Book Klausur. Ein Ziel des Kurses ist es, Ihr Verständnis für die im Kurs behandelten Themen zu prüfen und nicht Ihre Auswendiglernfähigkeiten zu testen."""
"Sind die Gastvorträge klausurrelevant?,""Die prüfungsrelevante Lerneinheiten sind LU00 – LU11. Gastvorträge sind nicht explizit relevant, helfen allerdings dabei Fragen zu verschiedenen Themen zu beantworten. Die Literatur im Canvas hilft Ihnen den Vorlesungsstoff der Lerneinheiten nochmal zu vertiefen und Unklarheiten nachzulesen. Demnach ist die Literatur für die behandelten Teile klausurrelevant."""
"Was ist alles klausurrelevant?,""Die prüfungsrelevante Lerneinheiten sind LU00 – LU11. Gastvorträge sind nicht explizit relevant, helfen allerdings dabei Fragen zu verschiedenen Themen zu beantworten. Die Literatur im Canvas hilft Ihnen den Vorlesungsstoff der Lerneinheiten nochmal zu vertiefen und Unklarheiten nachzulesen. Demnach ist die Literatur für die behandelten Teile klausurrelevant."""
"Klausurrelevanz,""Die prüfungsrelevante Lerneinheiten sind LU00 – LU11. Gastvorträge sind nicht explizit relevant, helfen allerdings dabei Fragen zu verschiedenen Themen zu beantworten. Die Literatur im Canvas hilft Ihnen den Vorlesungsstoff der Lerneinheiten nochmal zu vertiefen und Unklarheiten nachzulesen. Demnach ist die Literatur für die behandelten Teile klausurrelevant."""
"Was muss ich alles lernen?,""Die prüfungsrelevante Lerneinheiten sind LU00 – LU11. Gastvorträge sind nicht explizit relevant, helfen allerdings dabei Fragen zu verschiedenen Themen zu beantworten. Die Literatur im Canvas hilft Ihnen den Vorlesungsstoff der Lerneinheiten nochmal zu vertiefen und Unklarheiten nachzulesen. Demnach ist die Literatur für die behandelten Teile klausurrelevant."""
"Lerninhalt,""Die prüfungsrelevante Lerneinheiten sind LU00 – LU11. Gastvorträge sind nicht explizit relevant, helfen allerdings dabei Fragen zu verschiedenen Themen zu beantworten. Die Literatur im Canvas hilft Ihnen den Vorlesungsstoff der Lerneinheiten nochmal zu vertiefen und Unklarheiten nachzulesen. Demnach ist die Literatur für die behandelten Teile klausurrelevant."""
"Ist die zusätzliche Literatur im Canvas klausurrelevant?,""Die prüfungsrelevante Lerneinheiten sind LU00 – LU11. Gastvorträge sind nicht explizit relevant, helfen allerdings dabei Fragen zu verschiedenen Themen zu beantworten. Die Literatur im Canvas hilft Ihnen den Vorlesungsstoff der Lerneinheiten nochmal zu vertiefen und Unklarheiten nachzulesen. Demnach ist die Literatur für die behandelten Teile klausurrelevant."""
"Ist der Inhalt im Canvas klausurrelevant?,""Die prüfungsrelevante Lerneinheiten sind LU00 – LU11. Gastvorträge sind nicht explizit relevant, helfen allerdings dabei Fragen zu verschiedenen Themen zu beantworten. Die Literatur im Canvas hilft Ihnen den Vorlesungsstoff der Lerneinheiten nochmal zu vertiefen und Unklarheiten nachzulesen. Demnach ist die Literatur für die behandelten Teile klausurrelevant."""
"Canvas Klausurrelevant,""Die prüfungsrelevante Lerneinheiten sind LU00 – LU11. Gastvorträge sind nicht explizit relevant, helfen allerdings dabei Fragen zu verschiedenen Themen zu beantworten. Die Literatur im Canvas hilft Ihnen den Vorlesungsstoff der Lerneinheiten nochmal zu vertiefen und Unklarheiten nachzulesen. Demnach ist die Literatur für die behandelten Teile klausurrelevant."""
"Wofür nutzen wir Canvas und wie gelange ich dorthin?,""Auf Canvas finden Sie alle relevanten Vorlesungsslides für die Klausur am Ende des Semesters. <br>Des Weiteren haben wir hier diverse How to-Erklärungsdokumente und -videos geuploadet, die Dir dabei helfen sollen mit den anderen Tools/Plattformen umzugehen. Hier finden Sie den Link zu dem Canvas-Kursprofil: <br> <a href=""""https://learning.unisg.ch"""">Canvas</a>"""
"Wofür nutze ich Canvas?,""Auf Canvas finden Sie alle relevanten Vorlesungsslides für die Klausur am Ende des Semesters. <br>Des Weiteren haben wir hier diverse How to-Erklärungsdokumente und -videos geuploadet, die Dir dabei helfen sollen mit den anderen Tools/Plattformen umzugehen. Hier finden Sie den Link zu dem Canvas-Kursprofil: <br> <a href=""""https://learning.unisg.ch"""">Canvas</a>"""
"Wozu brauche ich Canvas?,""Auf Canvas finden Sie alle relevanten Vorlesungsslides für die Klausur am Ende des Semesters. <br>Des Weiteren haben wir hier diverse How to-Erklärungsdokumente und -videos geuploadet, die Dir dabei helfen sollen mit den anderen Tools/Plattformen umzugehen. Hier finden Sie den Link zu dem Canvas-Kursprofil: <br> <a href=""""https://learning.unisg.ch"""">Canvas</a>"""
"Wie ist die Klausur konkret aufgebaut?,""Die Klausur besteht aus drei Prüfungsteilen: <br>Zunächst einem Wissensteil mit Multiple Choice-Aufgaben, anschliessend einem Anwendungsteil mit Modellierungsaufgaben und abschliessend einem Transferteil zu den Themen aus der Vorlesung. <br>Die Notation und die zu verwendenden Symbole würde in der Klausur festgelegt werden.Die Notation und die zu verwendenden Symbole würde in der Klausur festgelegt werden."""
"Wie ist der Klausuraufbau?,""Die Klausur besteht aus drei Prüfungsteilen: <br>Zunächst einem Wissensteil mit Multiple Choice-Aufgaben, anschliessend einem Anwendungsteil mit Modellierungsaufgaben und abschliessend einem Transferteil zu den Themen aus der Vorlesung. <br>Die Notation und die zu verwendenden Symbole würde in der Klausur festgelegt werden.Die Notation und die zu verwendenden Symbole würde in der Klausur festgelegt werden."""
"Klausuraufbau,""Die Klausur besteht aus drei Prüfungsteilen: <br>Zunächst einem Wissensteil mit Multiple Choice-Aufgaben, anschliessend einem Anwendungsteil mit Modellierungsaufgaben und abschliessend einem Transferteil zu den Themen aus der Vorlesung. <br>Die Notation und die zu verwendenden Symbole würde in der Klausur festgelegt werden.Die Notation und die zu verwendenden Symbole würde in der Klausur festgelegt werden."""
"Müssen wir in der Klausur modellieren?,""Die Klausur besteht aus drei Prüfungsteilen: <br>Zunächst einem Wissensteil mit Multiple Choice-Aufgaben, anschliessend einem Anwendungsteil mit Modellierungsaufgaben und abschliessend einem Transferteil zu den Themen aus der Vorlesung. <br>Die Notation und die zu verwendenden Symbole würde in der Klausur festgelegt werden.Die Notation und die zu verwendenden Symbole würde in der Klausur festgelegt werden."""
"Muss modelliert werden?,""Die Klausur besteht aus drei Prüfungsteilen: <br>Zunächst einem Wissensteil mit Multiple Choice-Aufgaben, anschliessend einem Anwendungsteil mit Modellierungsaufgaben und abschliessend einem Transferteil zu den Themen aus der Vorlesung. <br>Die Notation und die zu verwendenden Symbole würde in der Klausur festgelegt werden.Die Notation und die zu verwendenden Symbole würde in der Klausur festgelegt werden."""
"Klasusur modellieren,""Die Klausur besteht aus drei Prüfungsteilen: <br>Zunächst einem Wissensteil mit Multiple Choice-Aufgaben, anschliessend einem Anwendungsteil mit Modellierungsaufgaben und abschliessend einem Transferteil zu den Themen aus der Vorlesung. <br>Die Notation und die zu verwendenden Symbole würde in der Klausur festgelegt werden.Die Notation und die zu verwendenden Symbole würde in der Klausur festgelegt werden."""
"wie ist die Prüfung aufgebaut?,""Die Klausur besteht aus drei Prüfungsteilen: <br>Zunächst einem Wissensteil mit Multiple Choice-Aufgaben, anschliessend einem Anwendungsteil mit Modellierungsaufgaben und abschliessend einem Transferteil zu den Themen aus der Vorlesung. <br>Die Notation und die zu verwendenden Symbole würde in der Klausur festgelegt werden.Die Notation und die zu verwendenden Symbole würde in der Klausur festgelegt werden."""
"wie ist die Arbeit aufgebaut?,""Die Klausur besteht aus drei Prüfungsteilen: <br>Zunächst einem Wissensteil mit Multiple Choice-Aufgaben, anschliessend einem Anwendungsteil mit Modellierungsaufgaben und abschliessend einem Transferteil zu den Themen aus der Vorlesung. <br>Die Notation und die zu verwendenden Symbole würde in der Klausur festgelegt werden.Die Notation und die zu verwendenden Symbole würde in der Klausur festgelegt werden."""
"wie ist die Klausur aufgebaut?,""Die Klausur besteht aus drei Prüfungsteilen: <br>Zunächst einem Wissensteil mit Multiple Choice-Aufgaben, anschliessend einem Anwendungsteil mit Modellierungsaufgaben und abschliessend einem Transferteil zu den Themen aus der Vorlesung. <br>Die Notation und die zu verwendenden Symbole würde in der Klausur festgelegt werden.Die Notation und die zu verwendenden Symbole würde in der Klausur festgelegt werden."""
"Ich bin Austauschstudierender. Ich habe gehört, dass die Austauschstudierenden auch die Chance haben, die Klausur in einem dezentralen Zeitraum am Ende des Dezembers zu machen. Wann wäre diese dezentrale Klausur dann?,""Laut der Richtlinie Prüfungen für Gaststudierende gilt folgendes <br> Es können nur Prüfungen für Kurse abgelegt werden, welche per Bidding-Prozess zugeteilt worden sind. Nur Incoming-Gaststudierende (keine regulären HSG-Studierende!) haben Anrecht auf eine Incoming-Gaststudierenden-Prüfung vor dem zentralen Prüfungstermin. D.h. anstelle einer Prüfung im zentralen Prüfungsblock muss eine dezentrale Prüfung angeboten werden. In diesem Fall kann der Termin von den Dozierenden, in Absprache mit den Incoming-Gaststudierenden, selber festgelegt werden. Die Prüfung muss vor Vorlesungszeitende durchgeführt werden. Die Prüfungsform muss in diesem Fall nicht zwingend der Prüfungsform des offiziellen Prüfungstermins entsprechen. Ausnahme: Incoming-Gaststudierende, welche zwei Semester an der HSG bleiben, haben während dem ersten Semester kein Anrecht zur Ablegung einer dezentralen Gastprüfung in einem Kurs, in dem die offizielle Prüfung eine zentrale Prüfung ist, ausser die Dozierenden sind einverstanden."""
"Austauschstudierende Klausurteilnahme,""Laut der Richtlinie Prüfungen für Gaststudierende gilt folgendes <br> Es können nur Prüfungen für Kurse abgelegt werden, welche per Bidding-Prozess zugeteilt worden sind. Nur Incoming-Gaststudierende (keine regulären HSG-Studierende!) haben Anrecht auf eine Incoming-Gaststudierenden-Prüfung vor dem zentralen Prüfungstermin. D.h. anstelle einer Prüfung im zentralen Prüfungsblock muss eine dezentrale Prüfung angeboten werden. In diesem Fall kann der Termin von den Dozierenden, in Absprache mit den Incoming-Gaststudierenden, selber festgelegt werden. Die Prüfung muss vor Vorlesungszeitende durchgeführt werden. Die Prüfungsform muss in diesem Fall nicht zwingend der Prüfungsform des offiziellen Prüfungstermins entsprechen. Ausnahme: Incoming-Gaststudierende, welche zwei Semester an der HSG bleiben, haben während dem ersten Semester kein Anrecht zur Ablegung einer dezentralen Gastprüfung in einem Kurs, in dem die offizielle Prüfung eine zentrale Prüfung ist, ausser die Dozierenden sind einverstanden."""
"Kann ich als Austauschstudent auch an der Klausur teilnehmen?,""Laut der Richtlinie Prüfungen für Gaststudierende gilt folgendes <br> Es können nur Prüfungen für Kurse abgelegt werden, welche per Bidding-Prozess zugeteilt worden sind. Nur Incoming-Gaststudierende (keine regulären HSG-Studierende!) haben Anrecht auf eine Incoming-Gaststudierenden-Prüfung vor dem zentralen Prüfungstermin. D.h. anstelle einer Prüfung im zentralen Prüfungsblock muss eine dezentrale Prüfung angeboten werden. In diesem Fall kann der Termin von den Dozierenden, in Absprache mit den Incoming-Gaststudierenden, selber festgelegt werden. Die Prüfung muss vor Vorlesungszeitende durchgeführt werden. Die Prüfungsform muss in diesem Fall nicht zwingend der Prüfungsform des offiziellen Prüfungstermins entsprechen. Ausnahme: Incoming-Gaststudierende, welche zwei Semester an der HSG bleiben, haben während dem ersten Semester kein Anrecht zur Ablegung einer dezentralen Gastprüfung in einem Kurs, in dem die offizielle Prüfung eine zentrale Prüfung ist, ausser die Dozierenden sind einverstanden."""
"Was beinhaltet die Veranstaltung Business Innovation 2?,""Die Veranstaltung Business Innovation 2 thematisiert wie Unternehmen für eine digitale Zukunft aufgebaut und transformiert werden können. Die Struktur der Vorlesung orientiert sich am St. Galler House of Digital Business. Somit umfasst die Vorlesung 11 sogenannte Learning Units (LUs). Jene LUs erklären Inhalte zu den folgenden Themen <br>user, use, utility centricity <br>products & services <br>business strategy <br>organizational structure & business processes<br> IT managerial issues"""
"Was beinhaltet die Veranstaltung BI2?,""Die Veranstaltung Business Innovation 2 thematisiert wie Unternehmen für eine digitale Zukunft aufgebaut und transformiert werden können. Die Struktur der Vorlesung orientiert sich am St. Galler House of Digital Business. Somit umfasst die Vorlesung 11 sogenannte Learning Units (LUs). Jene LUs erklären Inhalte zu den folgenden Themen <br>user, use, utility centricity <br>products & services <br>business strategy <br>organizational structure & business processes<br> IT managerial issues"""
"Was ist der Inhalt der Veranstaltung?,""Die Veranstaltung Business Innovation 2 thematisiert wie Unternehmen für eine digitale Zukunft aufgebaut und transformiert werden können. Die Struktur der Vorlesung orientiert sich am St. Galler House of Digital Business. Somit umfasst die Vorlesung 11 sogenannte Learning Units (LUs). Jene LUs erklären Inhalte zu den folgenden Themen <br>user, use, utility centricity <br>products & services <br>business strategy <br>organizational structure & business processes<br> IT managerial issues"""
"Bitte sag mir etwas zum Veranstaltungsinhalt,""Die Veranstaltung Business Innovation 2 thematisiert wie Unternehmen für eine digitale Zukunft aufgebaut und transformiert werden können. Die Struktur der Vorlesung orientiert sich am St. Galler House of Digital Business. Somit umfasst die Vorlesung 11 sogenannte Learning Units (LUs). Jene LUs erklären Inhalte zu den folgenden Themen <br>user, use, utility centricity <br>products & services <br>business strategy <br>organizational structure & business processes<br> IT managerial issues"""
"Inhalt der Veranstaltung,""Die Veranstaltung Business Innovation 2 thematisiert wie Unternehmen für eine digitale Zukunft aufgebaut und transformiert werden können. Die Struktur der Vorlesung orientiert sich am St. Galler House of Digital Business. Somit umfasst die Vorlesung 11 sogenannte Learning Units (LUs). Jene LUs erklären Inhalte zu den folgenden Themen <br>user, use, utility centricity <br>products & services <br>business strategy <br>organizational structure & business processes<br> IT managerial issues"""
"Veranstaltungsinhalt,""Die Veranstaltung Business Innovation 2 thematisiert wie Unternehmen für eine digitale Zukunft aufgebaut und transformiert werden können. Die Struktur der Vorlesung orientiert sich am St. Galler House of Digital Business. Somit umfasst die Vorlesung 11 sogenannte Learning Units (LUs). Jene LUs erklären Inhalte zu den folgenden Themen <br>user, use, utility centricity <br>products & services <br>business strategy <br>organizational structure & business processes<br> IT managerial issues"""
Wie setzt sich die Note zusammen?,Die Prüfungsleistung des Kurses Business Innovation 2 setzt sich aus einer 60% dezentralisierten Benotung und einer 40% zentralisierten Benotung zusammen. Die dezentralisierten Prüfungen umfassen die vollständige Bearbeitung dreier IT-based Peer Feedbacks (ITPFs) und eine Voice over PPT. Bei den ITPFs handelt es sich um eine Einzelarbeit und bei der Voice over PPT um eine Gruppenarbeit. Ein Prozentpunkt entspricht einem Punkt. Ein ITPF bringt Ihnen demnach 10 Punkte (10% der Endnote).
Wie ist die Notenzusammensetzung?,Die Prüfungsleistung des Kurses Business Innovation 2 setzt sich aus einer 60% dezentralisierten Benotung und einer 40% zentralisierten Benotung zusammen. Die dezentralisierten Prüfungen umfassen die vollständige Bearbeitung dreier IT-based Peer Feedbacks (ITPFs) und eine Voice over PPT. Bei den ITPFs handelt es sich um eine Einzelarbeit und bei der Voice over PPT um eine Gruppenarbeit. Ein Prozentpunkt entspricht einem Punkt. Ein ITPF bringt Ihnen demnach 10 Punkte (10% der Endnote).
Welche Bestandteile fließen in die Note mit ein?,Die Prüfungsleistung des Kurses Business Innovation 2 setzt sich aus einer 60% dezentralisierten Benotung und einer 40% zentralisierten Benotung zusammen. Die dezentralisierten Prüfungen umfassen die vollständige Bearbeitung dreier IT-based Peer Feedbacks (ITPFs) und eine Voice over PPT. Bei den ITPFs handelt es sich um eine Einzelarbeit und bei der Voice over PPT um eine Gruppenarbeit. Ein Prozentpunkt entspricht einem Punkt. Ein ITPF bringt Ihnen demnach 10 Punkte (10% der Endnote).
Woraus setzt sich die Note zusammen?,Die Prüfungsleistung des Kurses Business Innovation 2 setzt sich aus einer 60% dezentralisierten Benotung und einer 40% zentralisierten Benotung zusammen. Die dezentralisierten Prüfungen umfassen die vollständige Bearbeitung dreier IT-based Peer Feedbacks (ITPFs) und eine Voice over PPT. Bei den ITPFs handelt es sich um eine Einzelarbeit und bei der Voice over PPT um eine Gruppenarbeit. Ein Prozentpunkt entspricht einem Punkt. Ein ITPF bringt Ihnen demnach 10 Punkte (10% der Endnote).
Wie ist die Zusammensetzung der Endnote?,Die Prüfungsleistung des Kurses Business Innovation 2 setzt sich aus einer 60% dezentralisierten Benotung und einer 40% zentralisierten Benotung zusammen. Die dezentralisierten Prüfungen umfassen die vollständige Bearbeitung dreier IT-based Peer Feedbacks (ITPFs) und eine Voice over PPT. Bei den ITPFs handelt es sich um eine Einzelarbeit und bei der Voice over PPT um eine Gruppenarbeit. Ein Prozentpunkt entspricht einem Punkt. Ein ITPF bringt Ihnen demnach 10 Punkte (10% der Endnote).
Woraus besteht die Endnote?,Die Prüfungsleistung des Kurses Business Innovation 2 setzt sich aus einer 60% dezentralisierten Benotung und einer 40% zentralisierten Benotung zusammen. Die dezentralisierten Prüfungen umfassen die vollständige Bearbeitung dreier IT-based Peer Feedbacks (ITPFs) und eine Voice over PPT. Bei den ITPFs handelt es sich um eine Einzelarbeit und bei der Voice over PPT um eine Gruppenarbeit. Ein Prozentpunkt entspricht einem Punkt. Ein ITPF bringt Ihnen demnach 10 Punkte (10% der Endnote).
"Die Vorlesungsslides sind auf Englisch. Die Vorlesung allerdings auf Deutsch. In welcher Sprache ist die Prüfung?,""Gemäss den HSG-Vorschriften und dem Merkblatt ist die Frage- und Antwortsprache für alle zentralen und dezentralen Komponenten dieses Kurses trotz der englischen Slides Deutsch. Alle prüfungsrelevanten Aufgaben sind daher in deutscher Sprache. Dies gilt insbesondere für die ITPFs! Für die zentrale Prüfung (40% der Note) und die dezentrale Gruppenarbeit (30%) ist die offizielle Frage-Antwort-Sprache ebenfalls Deutsch. Ist jedoch jemand nicht deutschsprachig, tolerieren wir für diese beiden Komponenten (zentrale Prüfung und Gruppenarbeit - nicht die ITPFs!) Antworten in englischer Sprache. Bitte füllen Sie die ITPFs, insbesondere Version 1 und Version 2 sowie die Peer-Reviews in deutscher Sprache aus."""
"In welcher Sprache ist die Prüfung?,""Gemäss den HSG-Vorschriften und dem Merkblatt ist die Frage- und Antwortsprache für alle zentralen und dezentralen Komponenten dieses Kurses trotz der englischen Slides Deutsch. Alle prüfungsrelevanten Aufgaben sind daher in deutscher Sprache. Dies gilt insbesondere für die ITPFs! Für die zentrale Prüfung (40% der Note) und die dezentrale Gruppenarbeit (30%) ist die offizielle Frage-Antwort-Sprache ebenfalls Deutsch. Ist jedoch jemand nicht deutschsprachig, tolerieren wir für diese beiden Komponenten (zentrale Prüfung und Gruppenarbeit - nicht die ITPFs!) Antworten in englischer Sprache. Bitte füllen Sie die ITPFs, insbesondere Version 1 und Version 2 sowie die Peer-Reviews in deutscher Sprache aus."""
"Auf welcher Sprache sind die Prüfungsleistungen?,""Gemäss den HSG-Vorschriften und dem Merkblatt ist die Frage- und Antwortsprache für alle zentralen und dezentralen Komponenten dieses Kurses trotz der englischen Slides Deutsch. Alle prüfungsrelevanten Aufgaben sind daher in deutscher Sprache. Dies gilt insbesondere für die ITPFs! Für die zentrale Prüfung (40% der Note) und die dezentrale Gruppenarbeit (30%) ist die offizielle Frage-Antwort-Sprache ebenfalls Deutsch. Ist jedoch jemand nicht deutschsprachig, tolerieren wir für diese beiden Komponenten (zentrale Prüfung und Gruppenarbeit - nicht die ITPFs!) Antworten in englischer Sprache. Bitte füllen Sie die ITPFs, insbesondere Version 1 und Version 2 sowie die Peer-Reviews in deutscher Sprache aus."""
"Ist die Klausur auf Deutsch oder Englisch?,""Gemäss den HSG-Vorschriften und dem Merkblatt ist die Frage- und Antwortsprache für alle zentralen und dezentralen Komponenten dieses Kurses trotz der englischen Slides Deutsch. Alle prüfungsrelevanten Aufgaben sind daher in deutscher Sprache. Dies gilt insbesondere für die ITPFs! Für die zentrale Prüfung (40% der Note) und die dezentrale Gruppenarbeit (30%) ist die offizielle Frage-Antwort-Sprache ebenfalls Deutsch. Ist jedoch jemand nicht deutschsprachig, tolerieren wir für diese beiden Komponenten (zentrale Prüfung und Gruppenarbeit - nicht die ITPFs!) Antworten in englischer Sprache. Bitte füllen Sie die ITPFs, insbesondere Version 1 und Version 2 sowie die Peer-Reviews in deutscher Sprache aus."""
"Ist die Klausur auf Englisch oder Deutsch?,""Gemäss den HSG-Vorschriften und dem Merkblatt ist die Frage- und Antwortsprache für alle zentralen und dezentralen Komponenten dieses Kurses trotz der englischen Slides Deutsch. Alle prüfungsrelevanten Aufgaben sind daher in deutscher Sprache. Dies gilt insbesondere für die ITPFs! Für die zentrale Prüfung (40% der Note) und die dezentrale Gruppenarbeit (30%) ist die offizielle Frage-Antwort-Sprache ebenfalls Deutsch. Ist jedoch jemand nicht deutschsprachig, tolerieren wir für diese beiden Komponenten (zentrale Prüfung und Gruppenarbeit - nicht die ITPFs!) Antworten in englischer Sprache. Bitte füllen Sie die ITPFs, insbesondere Version 1 und Version 2 sowie die Peer-Reviews in deutscher Sprache aus."""
"Ist die Klausur auf Deutsch?,""Gemäss den HSG-Vorschriften und dem Merkblatt ist die Frage- und Antwortsprache für alle zentralen und dezentralen Komponenten dieses Kurses trotz der englischen Slides Deutsch. Alle prüfungsrelevanten Aufgaben sind daher in deutscher Sprache. Dies gilt insbesondere für die ITPFs! Für die zentrale Prüfung (40% der Note) und die dezentrale Gruppenarbeit (30%) ist die offizielle Frage-Antwort-Sprache ebenfalls Deutsch. Ist jedoch jemand nicht deutschsprachig, tolerieren wir für diese beiden Komponenten (zentrale Prüfung und Gruppenarbeit - nicht die ITPFs!) Antworten in englischer Sprache. Bitte füllen Sie die ITPFs, insbesondere Version 1 und Version 2 sowie die Peer-Reviews in deutscher Sprache aus."""
"Ist die Klausur auf Englisch?,""Gemäss den HSG-Vorschriften und dem Merkblatt ist die Frage- und Antwortsprache für alle zentralen und dezentralen Komponenten dieses Kurses trotz der englischen Slides Deutsch. Alle prüfungsrelevanten Aufgaben sind daher in deutscher Sprache. Dies gilt insbesondere für die ITPFs! Für die zentrale Prüfung (40% der Note) und die dezentrale Gruppenarbeit (30%) ist die offizielle Frage-Antwort-Sprache ebenfalls Deutsch. Ist jedoch jemand nicht deutschsprachig, tolerieren wir für diese beiden Komponenten (zentrale Prüfung und Gruppenarbeit - nicht die ITPFs!) Antworten in englischer Sprache. Bitte füllen Sie die ITPFs, insbesondere Version 1 und Version 2 sowie die Peer-Reviews in deutscher Sprache aus."""
"Ist die Prüfung auf Deutsch?,""Gemäss den HSG-Vorschriften und dem Merkblatt ist die Frage- und Antwortsprache für alle zentralen und dezentralen Komponenten dieses Kurses trotz der englischen Slides Deutsch. Alle prüfungsrelevanten Aufgaben sind daher in deutscher Sprache. Dies gilt insbesondere für die ITPFs! Für die zentrale Prüfung (40% der Note) und die dezentrale Gruppenarbeit (30%) ist die offizielle Frage-Antwort-Sprache ebenfalls Deutsch. Ist jedoch jemand nicht deutschsprachig, tolerieren wir für diese beiden Komponenten (zentrale Prüfung und Gruppenarbeit - nicht die ITPFs!) Antworten in englischer Sprache. Bitte füllen Sie die ITPFs, insbesondere Version 1 und Version 2 sowie die Peer-Reviews in deutscher Sprache aus."""
"Ist die Prüfung auf Englisch?,""Gemäss den HSG-Vorschriften und dem Merkblatt ist die Frage- und Antwortsprache für alle zentralen und dezentralen Komponenten dieses Kurses trotz der englischen Slides Deutsch. Alle prüfungsrelevanten Aufgaben sind daher in deutscher Sprache. Dies gilt insbesondere für die ITPFs! Für die zentrale Prüfung (40% der Note) und die dezentrale Gruppenarbeit (30%) ist die offizielle Frage-Antwort-Sprache ebenfalls Deutsch. Ist jedoch jemand nicht deutschsprachig, tolerieren wir für diese beiden Komponenten (zentrale Prüfung und Gruppenarbeit - nicht die ITPFs!) Antworten in englischer Sprache. Bitte füllen Sie die ITPFs, insbesondere Version 1 und Version 2 sowie die Peer-Reviews in deutscher Sprache aus."""
"Gibt es eine Anwesenheitspflicht?,""Der Kurs Business Innovation 2 hat keine Anwesenheitspflicht. Wir legen Ihnen aber natürlich trotzdem ans Herz, bei jeder Vorlesung anwesend zu sein, da Sie nur so alle relevanten Informationen für die Klausur mitnehmen können."""
"Hat der Kurs eine Anwesenheitspflicht für die Präsenstermine?,""Der Kurs Business Innovation 2 hat keine Anwesenheitspflicht. Wir legen Ihnen aber natürlich trotzdem ans Herz, bei jeder Vorlesung anwesend zu sein, da Sie nur so alle relevanten Informationen für die Klausur mitnehmen können."""
"Haben die Präsenztermine eine Anwesenheitspflicht?,""Der Kurs Business Innovation 2 hat keine Anwesenheitspflicht. Wir legen Ihnen aber natürlich trotzdem ans Herz, bei jeder Vorlesung anwesend zu sein, da Sie nur so alle relevanten Informationen für die Klausur mitnehmen können."""
"Muss man zu den Präsenzterminen erscheinen?,""Der Kurs Business Innovation 2 hat keine Anwesenheitspflicht. Wir legen Ihnen aber natürlich trotzdem ans Herz, bei jeder Vorlesung anwesend zu sein, da Sie nur so alle relevanten Informationen für die Klausur mitnehmen können."""
"Muss ich jedes mal anwesend sein?,""Der Kurs Business Innovation 2 hat keine Anwesenheitspflicht. Wir legen Ihnen aber natürlich trotzdem ans Herz, bei jeder Vorlesung anwesend zu sein, da Sie nur so alle relevanten Informationen für die Klausur mitnehmen können."""
"Muss ich immer anwesend sein?,""Der Kurs Business Innovation 2 hat keine Anwesenheitspflicht. Wir legen Ihnen aber natürlich trotzdem ans Herz, bei jeder Vorlesung anwesend zu sein, da Sie nur so alle relevanten Informationen für die Klausur mitnehmen können."""
"Welche Tools werden in diesem Kurs genutzt?,""In diesem Kurs werden wir insgesamt drei Tools verwenden: Canvas, LOOM und Cockpit. (s. Slide aus LU00)"""
"Nutzen wir Tools in diesem Kurs?,""In diesem Kurs werden wir insgesamt drei Tools verwenden: Canvas, LOOM und Cockpit. (s. Slide aus LU00)"""
"Welche Tools brauchen wir?,""In diesem Kurs werden wir insgesamt drei Tools verwenden: Canvas, LOOM und Cockpit. (s. Slide aus LU00)"""
"Welche Tools muss ich haben?,""In diesem Kurs werden wir insgesamt drei Tools verwenden: Canvas, LOOM und Cockpit. (s. Slide aus LU00)"""
"Tools im Kurs,""In diesem Kurs werden wir insgesamt drei Tools verwenden: Canvas, LOOM und Cockpit. (s. Slide aus LU00)"""
"Toolsnutzung,""In diesem Kurs werden wir insgesamt drei Tools verwenden: Canvas, LOOM und Cockpit. (s. Slide aus LU00)"""
"Tools genutzt werden,""In diesem Kurs werden wir insgesamt drei Tools verwenden: Canvas, LOOM und Cockpit. (s. Slide aus LU00)"""
"Kurstools,""In diesem Kurs werden wir insgesamt drei Tools verwenden: Canvas, LOOM und Cockpit. (s. Slide aus LU00)"""
"Kurs Tools,""In diesem Kurs werden wir insgesamt drei Tools verwenden: Canvas, LOOM und Cockpit. (s. Slide aus LU00)"""
"Ich habe einen Bug gefunden, was kann ich nun machen?,""Reporten Sie uns gerne einen solchen Bug (Programmfehler oder Softwarefehler oder Software-Anomalie). Für das Reporten von Bugs müssen Sie Java-Script aktivieren und Cookies auf LOOM zulassen, da diese wichtig für den Kontext des Bugs ist und uns hilft nachzuvollziehen welche Schritte Sie in LOOM zuvor ausgeführt haben. Hinweis: Ausserdem hilft es uns auch, wenn Sie Ihren Report mit einem Screenshot des Problems verdeutlichen."""
"Es ist ein Bug aufgetreten. Was kann ich tun?,""Reporten Sie uns gerne einen solchen Bug (Programmfehler oder Softwarefehler oder Software-Anomalie). Für das Reporten von Bugs müssen Sie Java-Script aktivieren und Cookies auf LOOM zulassen, da diese wichtig für den Kontext des Bugs ist und uns hilft nachzuvollziehen welche Schritte Sie in LOOM zuvor ausgeführt haben. Hinweis: Ausserdem hilft es uns auch, wenn Sie Ihren Report mit einem Screenshot des Problems verdeutlichen."""
"Was mache ich, wenn ein Bug auftritt?,""Reporten Sie uns gerne einen solchen Bug (Programmfehler oder Softwarefehler oder Software-Anomalie). Für das Reporten von Bugs müssen Sie Java-Script aktivieren und Cookies auf LOOM zulassen, da diese wichtig für den Kontext des Bugs ist und uns hilft nachzuvollziehen welche Schritte Sie in LOOM zuvor ausgeführt haben. Hinweis: Ausserdem hilft es uns auch, wenn Sie Ihren Report mit einem Screenshot des Problems verdeutlichen."""
"Bug Handlung,""Reporten Sie uns gerne einen solchen Bug (Programmfehler oder Softwarefehler oder Software-Anomalie). Für das Reporten von Bugs müssen Sie Java-Script aktivieren und Cookies auf LOOM zulassen, da diese wichtig für den Kontext des Bugs ist und uns hilft nachzuvollziehen welche Schritte Sie in LOOM zuvor ausgeführt haben. Hinweis: Ausserdem hilft es uns auch, wenn Sie Ihren Report mit einem Screenshot des Problems verdeutlichen."""
"Bug Auftritt,""Reporten Sie uns gerne einen solchen Bug (Programmfehler oder Softwarefehler oder Software-Anomalie). Für das Reporten von Bugs müssen Sie Java-Script aktivieren und Cookies auf LOOM zulassen, da diese wichtig für den Kontext des Bugs ist und uns hilft nachzuvollziehen welche Schritte Sie in LOOM zuvor ausgeführt haben. Hinweis: Ausserdem hilft es uns auch, wenn Sie Ihren Report mit einem Screenshot des Problems verdeutlichen."""
"Bug gefunden,""Reporten Sie uns gerne einen solchen Bug (Programmfehler oder Softwarefehler oder Software-Anomalie). Für das Reporten von Bugs müssen Sie Java-Script aktivieren und Cookies auf LOOM zulassen, da diese wichtig für den Kontext des Bugs ist und uns hilft nachzuvollziehen welche Schritte Sie in LOOM zuvor ausgeführt haben. Hinweis: Ausserdem hilft es uns auch, wenn Sie Ihren Report mit einem Screenshot des Problems verdeutlichen."""
"Ich finde mich in Loom nicht zurecht. Wo bekomme ich hilfe?,""Einführungsvideos zu LOOM, den ITPFs und den CbAs finden Sie unter Module/Overview Learning Tools. Auf LOOM finden Sie die Computer-based Assessments (CbAs) zu den einzelnen Learning Units (LUs) zur Klausurvorbereitung. Hier werden ebenfalls die IT-based Peer Feedback (Assignments), die benotet werden, hochgeladen.Hier finden Sie den Link zu dem LOOM-Kursprofil: <a href=""""https://learning.unisg.ch/courses/4011/pages/overview-of-learning-tools""""> Toolübersicht</a> """
"Kannst du mir bei Loom helfen?,""Einführungsvideos zu LOOM, den ITPFs und den CbAs finden Sie unter Module/Overview Learning Tools. Auf LOOM finden Sie die Computer-based Assessments (CbAs) zu den einzelnen Learning Units (LUs) zur Klausurvorbereitung. Hier werden ebenfalls die IT-based Peer Feedback (Assignments), die benotet werden, hochgeladen.Hier finden Sie den Link zu dem LOOM-Kursprofil: <a href=""""https://learning.unisg.ch/courses/4011/pages/overview-of-learning-tools""""> Toolübersicht</a> """
"Wie funktioniert LOOM?,""Einführungsvideos zu LOOM, den ITPFs und den CbAs finden Sie unter Module/Overview Learning Tools. Auf LOOM finden Sie die Computer-based Assessments (CbAs) zu den einzelnen Learning Units (LUs) zur Klausurvorbereitung. Hier werden ebenfalls die IT-based Peer Feedback (Assignments), die benotet werden, hochgeladen.Hier finden Sie den Link zu dem LOOM-Kursprofil: <a href=""""https://learning.unisg.ch/courses/4011/pages/overview-of-learning-tools""""> Toolübersicht</a> """
"Was ist LOOM?,""Einführungsvideos zu LOOM, den ITPFs und den CbAs finden Sie unter Module/Overview Learning Tools. Auf LOOM finden Sie die Computer-based Assessments (CbAs) zu den einzelnen Learning Units (LUs) zur Klausurvorbereitung. Hier werden ebenfalls die IT-based Peer Feedback (Assignments), die benotet werden, hochgeladen.Hier finden Sie den Link zu dem LOOM-Kursprofil: <a href=""""https://learning.unisg.ch/courses/4011/pages/overview-of-learning-tools""""> Toolübersicht</a> """
"Wo finde ich Loom?,""Einführungsvideos zu LOOM, den ITPFs und den CbAs finden Sie unter Module/Overview Learning Tools. Auf LOOM finden Sie die Computer-based Assessments (CbAs) zu den einzelnen Learning Units (LUs) zur Klausurvorbereitung. Hier werden ebenfalls die IT-based Peer Feedback (Assignments), die benotet werden, hochgeladen.Hier finden Sie den Link zu dem LOOM-Kursprofil: <a href=""""https://learning.unisg.ch/courses/4011/pages/overview-of-learning-tools""""> Toolübersicht</a> """
"Wofür nutzen wir LOOM?,""Einführungsvideos zu LOOM, den ITPFs und den CbAs finden Sie unter Module/Overview Learning Tools. Auf LOOM finden Sie die Computer-based Assessments (CbAs) zu den einzelnen Learning Units (LUs) zur Klausurvorbereitung. Hier werden ebenfalls die IT-based Peer Feedback (Assignments), die benotet werden, hochgeladen.Hier finden Sie den Link zu dem LOOM-Kursprofil: <a href=""""https://learning.unisg.ch/courses/4011/pages/overview-of-learning-tools""""> Toolübersicht</a> """
"Wofür wird LOOM genutzt?,""Einführungsvideos zu LOOM, den ITPFs und den CbAs finden Sie unter Module/Overview Learning Tools. Auf LOOM finden Sie die Computer-based Assessments (CbAs) zu den einzelnen Learning Units (LUs) zur Klausurvorbereitung. Hier werden ebenfalls die IT-based Peer Feedback (Assignments), die benotet werden, hochgeladen.Hier finden Sie den Link zu dem LOOM-Kursprofil: <a href=""""https://learning.unisg.ch/courses/4011/pages/overview-of-learning-tools""""> Toolübersicht</a> """
Ich versuche immer wieder meine Antworten bzgl. des Feedbacks in LOOM hochzuladen und erhalte hier leider jedes Mal eine Fehlermeldung. Was kann ich machen?,
"Ich erhalte bei Loom immer Fehlermeldungen,""Checken Sie bitte, ob Sie die aktuellste Version Ihres Browsers benutzen. Nutzen Sie am besten Mozilla Firefox, Safari oder Google Chrome. Haben Sie Java Script aktiviert und sonst auch keine blockierenden Addons? Manchmal hilft sonst auch ein Aus- und wieder Einloggen."""
"Fehlermeldung bei LOOM Feedback,""Checken Sie bitte, ob Sie die aktuellste Version Ihres Browsers benutzen. Nutzen Sie am besten Mozilla Firefox, Safari oder Google Chrome. Haben Sie Java Script aktiviert und sonst auch keine blockierenden Addons? Manchmal hilft sonst auch ein Aus- und wieder Einloggen."""
"Loom nimmt meine Antworten nicht,""Checken Sie bitte, ob Sie die aktuellste Version Ihres Browsers benutzen. Nutzen Sie am besten Mozilla Firefox, Safari oder Google Chrome. Haben Sie Java Script aktiviert und sonst auch keine blockierenden Addons? Manchmal hilft sonst auch ein Aus- und wieder Einloggen."""
"Fehlermeldung LOOM,""Checken Sie bitte, ob Sie die aktuellste Version Ihres Browsers benutzen. Nutzen Sie am besten Mozilla Firefox, Safari oder Google Chrome. Haben Sie Java Script aktiviert und sonst auch keine blockierenden Addons? Manchmal hilft sonst auch ein Aus- und wieder Einloggen."""
"Loom Fehlermeldung,""Checken Sie bitte, ob Sie die aktuellste Version Ihres Browsers benutzen. Nutzen Sie am besten Mozilla Firefox, Safari oder Google Chrome. Haben Sie Java Script aktiviert und sonst auch keine blockierenden Addons? Manchmal hilft sonst auch ein Aus- und wieder Einloggen."""
"Leider finde ich die Login Daten für LOOM nicht mehr. Wie komme ich nun an den Login?,""Sie haben zu Beginn der Veranstaltung einen Link bekommen, über den Sie das Passwort ändern konnten. Durchsuchen Sie bitte nochmals Ihren Spamordner und ändern Sie Ihr Passwort."""
"Ich habe meine Logindaten für Loom vergessen. Wie bekomme ich neue?,""Sie haben zu Beginn der Veranstaltung einen Link bekommen, über den Sie das Passwort ändern konnten. Durchsuchen Sie bitte nochmals Ihren Spamordner und ändern Sie Ihr Passwort."""
"Kann man neue Logindaten für Loom bekommen?,""Sie haben zu Beginn der Veranstaltung einen Link bekommen, über den Sie das Passwort ändern konnten. Durchsuchen Sie bitte nochmals Ihren Spamordner und ändern Sie Ihr Passwort."""
"Ich habe meine Logindaten vergessen,""Sie haben zu Beginn der Veranstaltung einen Link bekommen, über den Sie das Passwort ändern konnten. Durchsuchen Sie bitte nochmals Ihren Spamordner und ändern Sie Ihr Passwort."""
"Wofür nutzen wir Cockpit und wie gelange ich dorthin?,""Über das Cockpit-Tool haben Sie die Möglichkeit Ihre Business Innovation 2-Klausur mitzugestalten. Hier können Sie Ihre eigenen MC-Fragen kreieren, die dann für die Klausur selektiert werden. Hier finden Sie den Link zu dem Cockpit-Kursprofil:<a href=""""https://learning.unisg.ch/courses/4011/pages/overview-of-learning-tools"""">Cockpit</a><br>Die Cockpit ID ist BI2HS19."""
"Wie nutze ich Cockpit?,""Über das Cockpit-Tool haben Sie die Möglichkeit Ihre Business Innovation 2-Klausur mitzugestalten. Hier können Sie Ihre eigenen MC-Fragen kreieren, die dann für die Klausur selektiert werden. Hier finden Sie den Link zu dem Cockpit-Kursprofil:<a href=""""https://learning.unisg.ch/courses/4011/pages/overview-of-learning-tools"""">Cockpit</a><br>Die Cockpit ID ist BI2HS19."""
"Wofür nutzen wir Cockpit?,""Über das Cockpit-Tool haben Sie die Möglichkeit Ihre Business Innovation 2-Klausur mitzugestalten. Hier können Sie Ihre eigenen MC-Fragen kreieren, die dann für die Klausur selektiert werden. Hier finden Sie den Link zu dem Cockpit-Kursprofil:<a href=""""https://learning.unisg.ch/courses/4011/pages/overview-of-learning-tools"""">Cockpit</a><br>Die Cockpit ID ist BI2HS19."""
"Was genau ist das Cockpit?,""Das Cockpit ist ein selbst entwickeltes Lernwerkzeug, welches die Interaktion in grossen Kursen ermöglicht."""
"Was ist Cockpit?,""Das Cockpit ist ein selbst entwickeltes Lernwerkzeug, welches die Interaktion in grossen Kursen ermöglicht."""
"Was ist das Cockpit?,""Das Cockpit ist ein selbst entwickeltes Lernwerkzeug, welches die Interaktion in grossen Kursen ermöglicht."""
Sind die ITPFs eine Einzelleistung oder eine Gruppenleistung?,Die ITPFs sind Einzelleistungen.
Ist das ITPF eine Gruppenleistung?,Die ITPFs sind Einzelleistungen.
Ist das ITPF eine Einzelleistung?,Die ITPFs sind Einzelleistungen.
Wird das ITPF in der Gruppe bearbeitet?,Die ITPFs sind Einzelleistungen.
Wird das ITPF einzeln bearbeitet?,Die ITPFs sind Einzelleistungen.
Muss ich das ITPF einzeln bearbeiten?,Die ITPFs sind Einzelleistungen.
"Werden die ITPFs benotet und wenn ja, wie?,""Alle drei ITPF-Bearbeitungen werden benotet. Das ITPF gilt nur als abgeschlossen, wenn alle Bestandteile (inklusive Version 1, Peer-Feedback, Change History und Version 2, sowie das Self-Assessment Post vorliegen). Sollte Sie die erste Deadline verpassen, können Sie nicht mehr an den Peer-Feedbacks teilnehmen! Ihre Abgabe würde dann mit 0 Punkte bewertet werden müssen! Nach der letzten Deadline der ITPFs (nach dem Self-Assessment Post) werden wir uns jedes ITPF individuell prüfen und bewerten (Pass oder Fail). Bitte laden Sie Ihre Abgabe mindestens 30 Minuten vor Deadline hoch. Es gelten nur die offiziellen und aktuellen Deadlines in dem PDF Dokument Decentral Exam Components.pdf in Canvas."""
"Benotung der ITPF,""Alle drei ITPF-Bearbeitungen werden benotet. Das ITPF gilt nur als abgeschlossen, wenn alle Bestandteile (inklusive Version 1, Peer-Feedback, Change History und Version 2, sowie das Self-Assessment Post vorliegen). Sollte Sie die erste Deadline verpassen, können Sie nicht mehr an den Peer-Feedbacks teilnehmen! Ihre Abgabe würde dann mit 0 Punkte bewertet werden müssen! Nach der letzten Deadline der ITPFs (nach dem Self-Assessment Post) werden wir uns jedes ITPF individuell prüfen und bewerten (Pass oder Fail). Bitte laden Sie Ihre Abgabe mindestens 30 Minuten vor Deadline hoch. Es gelten nur die offiziellen und aktuellen Deadlines in dem PDF Dokument Decentral Exam Components.pdf in Canvas."""
"Wie werden die ITPFs benotet?,""Alle drei ITPF-Bearbeitungen werden benotet. Das ITPF gilt nur als abgeschlossen, wenn alle Bestandteile (inklusive Version 1, Peer-Feedback, Change History und Version 2, sowie das Self-Assessment Post vorliegen). Sollte Sie die erste Deadline verpassen, können Sie nicht mehr an den Peer-Feedbacks teilnehmen! Ihre Abgabe würde dann mit 0 Punkte bewertet werden müssen! Nach der letzten Deadline der ITPFs (nach dem Self-Assessment Post) werden wir uns jedes ITPF individuell prüfen und bewerten (Pass oder Fail). Bitte laden Sie Ihre Abgabe mindestens 30 Minuten vor Deadline hoch. Es gelten nur die offiziellen und aktuellen Deadlines in dem PDF Dokument Decentral Exam Components.pdf in Canvas."""
"Wie ist die Benotung der ITPFs?,""Alle drei ITPF-Bearbeitungen werden benotet. Das ITPF gilt nur als abgeschlossen, wenn alle Bestandteile (inklusive Version 1, Peer-Feedback, Change History und Version 2, sowie das Self-Assessment Post vorliegen). Sollte Sie die erste Deadline verpassen, können Sie nicht mehr an den Peer-Feedbacks teilnehmen! Ihre Abgabe würde dann mit 0 Punkte bewertet werden müssen! Nach der letzten Deadline der ITPFs (nach dem Self-Assessment Post) werden wir uns jedes ITPF individuell prüfen und bewerten (Pass oder Fail). Bitte laden Sie Ihre Abgabe mindestens 30 Minuten vor Deadline hoch. Es gelten nur die offiziellen und aktuellen Deadlines in dem PDF Dokument Decentral Exam Components.pdf in Canvas."""
"ITPF Benotung,""Alle drei ITPF-Bearbeitungen werden benotet. Das ITPF gilt nur als abgeschlossen, wenn alle Bestandteile (inklusive Version 1, Peer-Feedback, Change History und Version 2, sowie das Self-Assessment Post vorliegen). Sollte Sie die erste Deadline verpassen, können Sie nicht mehr an den Peer-Feedbacks teilnehmen! Ihre Abgabe würde dann mit 0 Punkte bewertet werden müssen! Nach der letzten Deadline der ITPFs (nach dem Self-Assessment Post) werden wir uns jedes ITPF individuell prüfen und bewerten (Pass oder Fail). Bitte laden Sie Ihre Abgabe mindestens 30 Minuten vor Deadline hoch. Es gelten nur die offiziellen und aktuellen Deadlines in dem PDF Dokument Decentral Exam Components.pdf in Canvas."""
"Kann ich mein Business Model für das ITPF im Laufe der Bearbeitungszeit nochmal ändern?,""Im Zweifel können Sie Ihr Business Model im Laufe der nächsten Wochen nochmal ändern. Dennoch haben Sie vor allem gegen Ende einen erheblichen Vorteil bezüglich des Aufwands, wenn Sie sich bereits jetzt ein sehr gutes Geschäftsmodell überlegen."""
"Ist eine spätere Bearbeitung der ITPF noch möglich?,""Im Zweifel können Sie Ihr Business Model im Laufe der nächsten Wochen nochmal ändern. Dennoch haben Sie vor allem gegen Ende einen erheblichen Vorteil bezüglich des Aufwands, wenn Sie sich bereits jetzt ein sehr gutes Geschäftsmodell überlegen."""
"Kann ich mein ITPF später noch einmal bearbeiten?,""Im Zweifel können Sie Ihr Business Model im Laufe der nächsten Wochen nochmal ändern. Dennoch haben Sie vor allem gegen Ende einen erheblichen Vorteil bezüglich des Aufwands, wenn Sie sich bereits jetzt ein sehr gutes Geschäftsmodell überlegen."""
"Ist eine Bearbeitung der ITPF möglich?,""Im Zweifel können Sie Ihr Business Model im Laufe der nächsten Wochen nochmal ändern. Dennoch haben Sie vor allem gegen Ende einen erheblichen Vorteil bezüglich des Aufwands, wenn Sie sich bereits jetzt ein sehr gutes Geschäftsmodell überlegen."""
"ITPF Bearbeitungszeit,""Im Zweifel können Sie Ihr Business Model im Laufe der nächsten Wochen nochmal ändern. Dennoch haben Sie vor allem gegen Ende einen erheblichen Vorteil bezüglich des Aufwands, wenn Sie sich bereits jetzt ein sehr gutes Geschäftsmodell überlegen."""
"Ich finde hinter Airbnb steckt wirklich ein smartes Konzept - kann ich dieses nicht einfach von Wohnungen auf Wohnwagen übertragen?,""Bitte bauen Sie kein Uber, Airbnb, Amazon etc. nach – seien Sie kreativ!"""
"Kann ich das Airbnb konzept übernehmen?,""Bitte bauen Sie kein Uber, Airbnb, Amazon etc. nach – seien Sie kreativ!"""
"Kann sich mein Konzept an Airbnb orientieren?,""Bitte bauen Sie kein Uber, Airbnb, Amazon etc. nach – seien Sie kreativ!"""
"Ist mein Business Modell gut/kreativ genug?,""Grundsätzlich ist jedes Business Modell geeignet, wenn es digital ist und den Vorlesungsunterlagen entspricht. Hier gibt es keine Grenzen (auch nicht geographisch oder kulturell) - seien Sie kreativ! Tipp: Denken Sie nicht nur an B2C, sondern auch an B2B. Wir werden die Idee Ihres Business Modells an sich nicht bewerten. Wir bewerten nur die Bearbeitung der Aufgabenstellung anhand Ihrer Idee"""
"Muss mein Business Modell super kreativ sein?,""Grundsätzlich ist jedes Business Modell geeignet, wenn es digital ist und den Vorlesungsunterlagen entspricht. Hier gibt es keine Grenzen (auch nicht geographisch oder kulturell) - seien Sie kreativ! Tipp: Denken Sie nicht nur an B2C, sondern auch an B2B. Wir werden die Idee Ihres Business Modells an sich nicht bewerten. Wir bewerten nur die Bearbeitung der Aufgabenstellung anhand Ihrer Idee"""
"Wie kreativ muss das Business Modell sein?,""Grundsätzlich ist jedes Business Modell geeignet, wenn es digital ist und den Vorlesungsunterlagen entspricht. Hier gibt es keine Grenzen (auch nicht geographisch oder kulturell) - seien Sie kreativ! Tipp: Denken Sie nicht nur an B2C, sondern auch an B2B. Wir werden die Idee Ihres Business Modells an sich nicht bewerten. Wir bewerten nur die Bearbeitung der Aufgabenstellung anhand Ihrer Idee"""
"Keativ Business Modell,""Grundsätzlich ist jedes Business Modell geeignet, wenn es digital ist und den Vorlesungsunterlagen entspricht. Hier gibt es keine Grenzen (auch nicht geographisch oder kulturell) - seien Sie kreativ! Tipp: Denken Sie nicht nur an B2C, sondern auch an B2B. Wir werden die Idee Ihres Business Modells an sich nicht bewerten. Wir bewerten nur die Bearbeitung der Aufgabenstellung anhand Ihrer Idee"""
"Ich habe mir eine schöne, eigene Darstellung überlegt, wie ich mein ITPFs anders darstellen und abbilden kann, als es in der PPT Vorlage des Lehrstuhls gefordert ist - kann ich meine ITPFs so einreichen?,""Die Benutzung der PPT Vorlagen aus LOOM ist Pflicht! Laden Sie diese bitte herunter, füllen Sie diese aus und geben Sie diese dann anschliessend bitte bei LOOM ab."""
"Muss ich die PPT Vorlage für das ITPF nutzen?,""Die Benutzung der PPT Vorlagen aus LOOM ist Pflicht! Laden Sie diese bitte herunter, füllen Sie diese aus und geben Sie diese dann anschliessend bitte bei LOOM ab."""
"Muss ich die Powerpointvorlage nutzen?,""Die Benutzung der PPT Vorlagen aus LOOM ist Pflicht! Laden Sie diese bitte herunter, füllen Sie diese aus und geben Sie diese dann anschliessend bitte bei LOOM ab."""
"Powerpoint ITPF,""Die Benutzung der PPT Vorlagen aus LOOM ist Pflicht! Laden Sie diese bitte herunter, füllen Sie diese aus und geben Sie diese dann anschliessend bitte bei LOOM ab."""
"PPT ITPF Abgabe,""Die Benutzung der PPT Vorlagen aus LOOM ist Pflicht! Laden Sie diese bitte herunter, füllen Sie diese aus und geben Sie diese dann anschliessend bitte bei LOOM ab."""
Wann ist die Abgabe für das 1. ITPF (bzw. die korrigierte Version des 1. ITPF),Die offiziellen und aktuellen Deadlines finden Sie in dem PDF Dokument Decentral Exam Components.pdf in Canvas.
Wann ist die Abgabe für das 2. ITPF (bzw. die korrigierte Version des 2. ITPF),Die offiziellen und aktuellen Deadlines finden Sie in dem PDF Dokument Decentral Exam Components.pdf in Canvas.
Wann ist die Abgabe für das 3. ITPF (bzw. die korrigierte Version des 3. ITPF),Die offiziellen und aktuellen Deadlines finden Sie in dem PDF Dokument Decentral Exam Components.pdf in Canvas.
Wann ist die Abgabe für das 1. ITPF,Die offiziellen und aktuellen Deadlines finden Sie in dem PDF Dokument Decentral Exam Components.pdf in Canvas.
Wann ist die Abgabe für das 2. ITPF,Die offiziellen und aktuellen Deadlines finden Sie in dem PDF Dokument Decentral Exam Components.pdf in Canvas.
Wann ist die Abgabe für das 3. ITPF,Die offiziellen und aktuellen Deadlines finden Sie in dem PDF Dokument Decentral Exam Components.pdf in Canvas.
Leider habe ich aus verschiedenen Gründen die Deadline verpasst, kann ich mein ITPF später nachreichen?,
"Gibt es eine Deadline?,""Es werden bei einer Überschreitung einer Deadline keine Ausnahmen zugelassen. Rechtlich zugelassene Ausnahmen sind nur die folgenden drei Situationen: Marschbefehl, ärztliches Attest oder Trauerfall. Punkte werden nur vergeben, wenn das ITPF im vorgegebenen Zeitraum vollständig bearbeitet und hochgeladen wurde (sonst 0 Punkte). Bitte laden Sie Ihre Abgabe mindestens 30 Minuten vor Deadline hoch. Es gelten nur die offiziellen und aktuellen Deadlines in dem PDF Dokument Decentral Exam Components.pdf in Canvas."""
"Kann ich mein ITPF später abgeben?,""Es werden bei einer Überschreitung einer Deadline keine Ausnahmen zugelassen. Rechtlich zugelassene Ausnahmen sind nur die folgenden drei Situationen: Marschbefehl, ärztliches Attest oder Trauerfall. Punkte werden nur vergeben, wenn das ITPF im vorgegebenen Zeitraum vollständig bearbeitet und hochgeladen wurde (sonst 0 Punkte). Bitte laden Sie Ihre Abgabe mindestens 30 Minuten vor Deadline hoch. Es gelten nur die offiziellen und aktuellen Deadlines in dem PDF Dokument „Decentral Exam Components.pdf“ in Canvas."""
"Was mache ich wenn ich bei der ITPF Abgabe die Deadline verpasst habe?,""Es werden bei einer Überschreitung einer Deadline keine Ausnahmen zugelassen. Rechtlich zugelassene Ausnahmen sind nur die folgenden drei Situationen: Marschbefehl, ärztliches Attest oder Trauerfall. Punkte werden nur vergeben, wenn das ITPF im vorgegebenen Zeitraum vollständig bearbeitet und hochgeladen wurde (sonst 0 Punkte). Bitte laden Sie Ihre Abgabe mindestens 30 Minuten vor Deadline hoch. Es gelten nur die offiziellen und aktuellen Deadlines in dem PDF Dokument „Decentral Exam Components.pdf“ in Canvas."""
"Deadline verpasst ITPF,""Es werden bei einer Überschreitung einer Deadline keine Ausnahmen zugelassen. Rechtlich zugelassene Ausnahmen sind nur die folgenden drei Situationen: Marschbefehl, ärztliches Attest oder Trauerfall. Punkte werden nur vergeben, wenn das ITPF im vorgegebenen Zeitraum vollständig bearbeitet und hochgeladen wurde (sonst 0 Punkte). Bitte laden Sie Ihre Abgabe mindestens 30 Minuten vor Deadline hoch. Es gelten nur die offiziellen und aktuellen Deadlines in dem PDF Dokument „Decentral Exam Components.pdf“ in Canvas."""
"ITPF später einreichen,""Es werden bei einer Überschreitung einer Deadline keine Ausnahmen zugelassen. Rechtlich zugelassene Ausnahmen sind nur die folgenden drei Situationen: Marschbefehl, ärztliches Attest oder Trauerfall. Punkte werden nur vergeben, wenn das ITPF im vorgegebenen Zeitraum vollständig bearbeitet und hochgeladen wurde (sonst 0 Punkte). Bitte laden Sie Ihre Abgabe mindestens 30 Minuten vor Deadline hoch. Es gelten nur die offiziellen und aktuellen Deadlines in dem PDF Dokument „Decentral Exam Components.pdf“ in Canvas."""
Kann man das Benennungskürzel frei wählen oder gibt es ein vorgegebenes Kürzel für die Studierenden?,Das Kürzel steht für Ihr Namenskürzel (Vor- und Nachname).
Ist das Benennungskürzel frei wählbar?,Das Kürzel steht für Ihr Namenskürzel (Vor- und Nachname).
Benennungskürzel,Das Kürzel steht für Ihr Namenskürzel (Vor- und Nachname).
Erhalten wir die Noten der ITPFs direkt im Anschluss an die Abgabe?,Sie erhalten am Ende des Kurses mit der zentralen Notenvergabe eine Gesamtnote für die Veranstaltung Business Innovation 2. Die dezentralen Leistungen können dann in der Prüfungseinsicht eingesehen werden.
Wann erhalten wir die ITPF Noten?,Sie erhalten am Ende des Kurses mit der zentralen Notenvergabe eine Gesamtnote für die Veranstaltung Business Innovation 2. Die dezentralen Leistungen können dann in der Prüfungseinsicht eingesehen werden.
Wann gibt es die Noten auf das ITPF?,Sie erhalten am Ende des Kurses mit der zentralen Notenvergabe eine Gesamtnote für die Veranstaltung Business Innovation 2. Die dezentralen Leistungen können dann in der Prüfungseinsicht eingesehen werden.
Ich habe in den CbAs schlecht abgeschnitten, verschlechtert sich dadurch nun auch meine gesamte Kursnote?,Die CbAs werden nicht benotet und haben folglich keinen Einfluss auf Ihre Note. Die CbAs verschlechtern und verbessern Sie somit nicht. Die CbAs dienen Ihnen persönlich zur Lernstandskontrolle und Vertiefung der Lernziele unserer Lerneinheiten.
Geht das CBA in die Gesamtnote mit ein?,Die CbAs werden nicht benotet und haben folglich keinen Einfluss auf Ihre Note. Die CbAs verschlechtern und verbessern Sie somit nicht. Die CbAs dienen Ihnen persönlich zur Lernstandskontrolle und Vertiefung der Lernziele unserer Lerneinheiten.
Ist das cba Teil der Note?,Die CbAs werden nicht benotet und haben folglich keinen Einfluss auf Ihre Note. Die CbAs verschlechtern und verbessern Sie somit nicht. Die CbAs dienen Ihnen persönlich zur Lernstandskontrolle und Vertiefung der Lernziele unserer Lerneinheiten.
wie wird das cba benotet?,Die CbAs werden nicht benotet und haben folglich keinen Einfluss auf Ihre Note. Die CbAs verschlechtern und verbessern Sie somit nicht. Die CbAs dienen Ihnen persönlich zur Lernstandskontrolle und Vertiefung der Lernziele unserer Lerneinheiten.
"Ich habe das freigeschaltete CbA bearbeitet und habe nun keinen Zugriff mehr darauf. Ich würde gerne aber nochmals zur Klausurvorbereitung die MC-Fragen durchgehen - werden die Fragen zur erneuten Einsicht nochmals freigeschalten?,""Wenn im Schnitt 50% der eingeschriebenen Studenten an den CbAs teilnehmen, werden wir ausgewählte CbAs am Ende der Vorlesung zur Klausurvorbereitung freischalten."""
"Kann ich noch einmal auf das CBA zugreifen?,""Wenn im Schnitt 50% der eingeschriebenen Studenten an den CbAs teilnehmen, werden wir ausgewählte CbAs am Ende der Vorlesung zur Klausurvorbereitung freischalten."""
"Kann ich das cba noch einmal bearbeiten?,""Wenn im Schnitt 50% der eingeschriebenen Studenten an den CbAs teilnehmen, werden wir ausgewählte CbAs am Ende der Vorlesung zur Klausurvorbereitung freischalten."""
"Ist das cba noch einam bearbeitbar?,""Wenn im Schnitt 50% der eingeschriebenen Studenten an den CbAs teilnehmen, werden wir ausgewählte CbAs am Ende der Vorlesung zur Klausurvorbereitung freischalten."""
"Kann man sich an den beim CbA gestellten Fragen ungefähr daran orientieren, wie schwer die Klausur wird?,""Die im CbA aufgelisteten Fragen sollen Ihnen einen Anhaltspunkt geben, wie der MC-Teil der schriftlichen, zentralen Klausur der Veranstaltung Business Innovation 2 aussehen kann. Selbstverständlich werden in der Klausur aber andere Fragen gestellt und nicht dieselben wie in den CbAs."""
"Sind die CbA Fragen, so schwer wie die Klausur?,""Die im CbA aufgelisteten Fragen sollen Ihnen einen Anhaltspunkt geben, wie der MC-Teil der schriftlichen, zentralen Klausur der Veranstaltung Business Innovation 2 aussehen kann. Selbstverständlich werden in der Klausur aber andere Fragen gestellt und nicht dieselben wie in den CbAs."""
"Orientiert sich die Klausur an den CbA fragen?,""Die im CbA aufgelisteten Fragen sollen Ihnen einen Anhaltspunkt geben, wie der MC-Teil der schriftlichen, zentralen Klausur der Veranstaltung Business Innovation 2 aussehen kann. Selbstverständlich werden in der Klausur aber andere Fragen gestellt und nicht dieselben wie in den CbAs."""
"Ist die Voice over PPT eine Einzelarbeit oder eine Gruppenarbeit?,""Die Voice over PPT ist eine Gruppenarbeit, bei der die Gruppen vom Lehrstuhl aus zugewiesen werden. Die offiziellen und aktuellen Deadlines finden Sie in dem PDF Dokument Decentral Exam Components.pdf in Canvas. Die Note erhalten sie mit der zentralen Notenvergabe am Ende der Veranstaltung."""
"Können wir die Gruppen für die Voice over PPT frei wählen?,""Die Voice over PPT ist eine Gruppenarbeit, bei der die Gruppen vom Lehrstuhl aus zugewiesen werden. Die offiziellen und aktuellen Deadlines finden Sie in dem PDF Dokument Decentral Exam Components.pdf in Canvas. Die Note erhalten sie mit der zentralen Notenvergabe am Ende der Veranstaltung."""
"Wann ist die Abgabe der Voice over PPT?,""Die Voice over PPT ist eine Gruppenarbeit, bei der die Gruppen vom Lehrstuhl aus zugewiesen werden. Die offiziellen und aktuellen Deadlines finden Sie in dem PDF Dokument Decentral Exam Components.pdf in Canvas. Die Note erhalten sie mit der zentralen Notenvergabe am Ende der Veranstaltung."""
"Erhalten wir die Note der Voice over PPT direkt im Anschluss an die Abgabe?,""Die Voice over PPT ist eine Gruppenarbeit, bei der die Gruppen vom Lehrstuhl aus zugewiesen werden. Die offiziellen und aktuellen Deadlines finden Sie in dem PDF Dokument Decentral Exam Components.pdf in Canvas. Die Note erhalten sie mit der zentralen Notenvergabe am Ende der Veranstaltung."""
"Was beinhaltet die Prüfungsleistung der Voice over PPT?,""Die Prüfungsleistung der Voice over PPT beinhaltet die Bearbeitung und Abgabe der PPT Sides mit einer Audio Tonspur. Die Vorlage der PPT Slides finden Sie im Canvas. Wählen Sie dann von einem Ihrer Gruppenmitglieder das Business Modell aus und bearbeiten Sie die Voice over PPT hinsichtlich der folgenden Inhalte: User journey, VPC, Service Blueprint, BPMN & Modularisation, Enterprise Architecture und Implementation Concept."""
"Erzähl mir was zu Voice over PPT,""Die Prüfungsleistung der Voice over PPT beinhaltet die Bearbeitung und Abgabe der PPT Sides mit einer Audio Tonspur. Die Vorlage der PPT Slides finden Sie im Canvas. Wählen Sie dann von einem Ihrer Gruppenmitglieder das Business Modell aus und bearbeiten Sie die Voice over PPT hinsichtlich der folgenden Inhalte: User journey, VPC, Service Blueprint, BPMN & Modularisation, Enterprise Architecture und Implementation Concept."""
"Sind alle Slides bzw. alles was wir in den Vorlesungen besprochen haben klausurrelevant oder sind Inhalte, wie jene, die wir bereits in den ITPFs bearbeitet haben, für die schriftliche, zentrale Klausur ausgeschlossen?,""Es werden keine Inhalte für die schriftliche, zentrale Klausur ausgeschlossen! Alle Inhalte, die in der Vorlesung bzw. im Rahmen des Kurses behandelt wurden, sind klausurrelevant. Auch diejenigen, die bereits in den ITPFs geprüft wurden. Die dezentralen Leistungen können dann in der Prüfungseinsicht eingesehen werden."""
"Gibt es ausgeschlossene Inhalte?,""Es werden keine Inhalte für die schriftliche, zentrale Klausur ausgeschlossen! Alle Inhalte, die in der Vorlesung bzw. im Rahmen des Kurses behandelt wurden, sind klausurrelevant. Auch diejenigen, die bereits in den ITPFs geprüft wurden. Die dezentralen Leistungen können dann in der Prüfungseinsicht eingesehen werden."""
"Wird für die Klausur eingegrenzt?,""Es werden keine Inhalte für die schriftliche, zentrale Klausur ausgeschlossen! Alle Inhalte, die in der Vorlesung bzw. im Rahmen des Kurses behandelt wurden, sind klausurrelevant. Auch diejenigen, die bereits in den ITPFs geprüft wurden. Die dezentralen Leistungen können dann in der Prüfungseinsicht eingesehen werden."""
"Gibt es eine Eingrenzung des Vorlesungsinhalts?,""Es werden keine Inhalte für die schriftliche, zentrale Klausur ausgeschlossen! Alle Inhalte, die in der Vorlesung bzw. im Rahmen des Kurses behandelt wurden, sind klausurrelevant. Auch diejenigen, die bereits in den ITPFs geprüft wurden. Die dezentralen Leistungen können dann in der Prüfungseinsicht eingesehen werden."""
"Wird vor der Klausur der Inhalt eingegrenzt?,""Es werden keine Inhalte für die schriftliche, zentrale Klausur ausgeschlossen! Alle Inhalte, die in der Vorlesung bzw. im Rahmen des Kurses behandelt wurden, sind klausurrelevant. Auch diejenigen, die bereits in den ITPFs geprüft wurden. Die dezentralen Leistungen können dann in der Prüfungseinsicht eingesehen werden."""
"Wo finde ich weitere Literatur zu den einzelnen Inhalten der Vorlesung?,""Am Ende jeder Learning Unit (LU) finden Sie eine Liste mit References/additional literature, in der Sie alle Quellen zu den in der LU verwendeten Paper/Literatur finden. Die Literatur wird dazu nochmal in Canvas hochgeladen."""
"Weitere Literatur,""Am Ende jeder Learning Unit (LU) finden Sie eine Liste mit References/additional literature, in der Sie alle Quellen zu den in der LU verwendeten Paper/Literatur finden. Die Literatur wird dazu nochmal in Canvas hochgeladen."""
"Zusätzliche Literatur,""Am Ende jeder Learning Unit (LU) finden Sie eine Liste mit References/additional literature, in der Sie alle Quellen zu den in der LU verwendeten Paper/Literatur finden. Die Literatur wird dazu nochmal in Canvas hochgeladen."""
Meine Frage wurde nicht zuvor beantwortet? Was kann ich tun?,Bitte stellen Sie zunächst Ihre Frage hier im Diskussions-/Fragenforum bei Canvas. Ca. 90% der Fragen wiederholen sich und somit können alle Ihre Kommilitonen aus der dortigen Beantwortung der Frage die relevanten Informationen ziehen. Eventuell wurde dort auch schon bereits Ihre Frage beantwortet.
